B A11T;B I135V;B Y175F
B A11T;B I135V;B Y175F
B R8H;B L74F;B M100K
B R8H;B Q24L;B E99A;B I128V;B A129T;B I135T
B R8H
B R8H
B S5F;B V56I
B A28V;B Y175F
B A40S;B I70V;B M96L;B R124G;B N169D
B D21N;B D22E;B L200M
B D21N;B D22E
B D21N;B L191I;B L200M
B D21N;B L200M
B D21N;B V180A;B L200M
B D22E;B Q160L
B D22E
B D22E
B D22E;B S63N
B D22N;B Q24L;B I75V;B I128V;B A129T;B I135T;B D142F;B Y175F
B D76N;B M100K;B K156R
B G27D;B N169D
B G27D;B R124G;B N169D
B G27S;B I70V;B E99D;B I125V;B H235N
B G27S;B I75V;B E99A;B I128V;B A129T;B I135T;B V180A
B G27S;B I75V;B M100K;B I111V;B I128V;B A129T;B Y175F;B L200M
B G27S
B G27S;B E99A;B I111V;B I128V;B Y175F
B G27S;B E99T;B A129T;B I135V;B A141T;B D142F
B G27S;B S38T;B E99A;B I111V;B I128V;B A129T
B I70V;B I135S;B N169D
B I70V;B I135S
B I70V;B Q160L;B L191I
B I70V;B Y175F
B I70V;B E99D;B I125V;B H235N
B I70V;B E99D;B I125V;B H235N
B I70V;B E99D;B I125V;B H235N
B I70V;B E99D;B I125V;B Y175F
B I70V;B E99D;B I125V
B I70V;B E99D;B I135V;B Y175F
B I70V;B E99D;B R124G;B N169D
B I70V;B M100K;B S127T;B P162S
B I70V;B M100K;B S127T
B I70V;B M100T;B I125V;B N169D
B I70V;B M96L;B I135S
B I75V;B M96L;B N169D
B I75V;B M96L;B N169D
B I75V;B M96L;B E99A;B I128V;B A129T;B I135T
B K54R;B K86R
B K54R;B K86R;B R88C
B L74F;B S127T;B K156R
B L74F
B L74F;B E99D;B I135V;B M170I;B Y175F
B L74F;B M100K;B I135V;B H235N
B L74F;B M100K;B S127T;B K156R
B L74F;B M100K;B S127T;B K156R
B L74F;B M100K;B S127T;B P162S;B H235N
B L74F;B M100K;B S127T
B L74F;B M100K
B M48K;B L74F;B E99A;B I111V;B D142F;B P214L
B M48K;B R124G;B N169D
B M48K;B R124G;B N169D
B M48K;B Y175F
B M48K
B M48K
B M48K;B M96L;B I135S;B L200M
B M48K;B M96L;B I135S
B M48K;B M96L;B Q160L;B Y175F
B M48K;B M96L;B R124G
B M48K;B M96L;B R124G
B M48K;B M96L;B R124G
B M48K;B M96L
B P50S
B Q24L;B G27S;B I75V;B E99A;B A129T;B L191I
B Q24L;B G27S;B I75V;B E99A;B I135T
B Q24L;B G27S;B I128V;B I135S;B L200M;B P214L
B Q24L;B G27S;B E99A;B I128V;B A129T;B D142F
B Q24L;B G27S;B E99A;B I128V;B A129T;B Q137R
B Q24L;B G27S;B I111V;B I125V;B A129T;B D142F;B Q160L;B Y175F;B N169D
B Q24L;B G27S;B I111V;B I125V;B A129T;B D142F
B Q24L;B G27S;B S38T;B L74F;B E99A;B I128V;B I135T;B D142F
B Q24L;B G27S;B S38T;B E99A;B S127T;B Q137R;B L200M
B Q24L;B I70V;B I75V;B I135S;B D142F;B L200M
B Q24L;B I70V;B I75V;B I111V;B I135S;B Q137R;B L200M
B Q24L;B L74F;B I111V;B I125V;B I135T;B Q137R;B H235N
B Q24L;B A129T;B I135T
B Q24L;B I125V;B I135T;B D142F;B V180A;B P214L
B Q24L;B E99A;B A129T;B I135T;B D142F
B Q24L;B E99A;B I128V;B A129T;B I135T;B Q137R;B H235N
B Q24L;B M96L;B R124G;B L200M
B R33C;B R124G
B R33H;B I135S;B Q160L;B Y175F
B E115D
B G130D
B I125V;B A173V;B H235N
B I128V;B A129T
B I128V;B Q160L;B L191I
B I135S;B A147V;B L200M
B I135S;B L200M
B I135S;B L200M
B I135S;B L200M
B I135S;B N169D
B I135S;B Q160L;B L200M
B I135S
B I135S
B I135S
B I135S
B I135S
B I135S
B I135V;B P162S
B I135V;B Y175F
B I135V;B Y175F
B I135V;B Y175F
B I135V;B Y175F
B I135V
B I135V
B K156R
B L200M
B L200M
B L200M
B N169D
B P114S;B I135V;B Y175F
B P150S
B P150T
B P162S
B P162S
B P162S
B P224L
B Q158H;B Q160L
B Q160L;B L191I
B Q160L;B L191I
B Q160L;B L191I
B Q160L;B N165D
B Q160L;B P162S
B Q160L
B Q160L
B Q160L
B R124G;B I135V;B Y175F
B R124G;B N169D
B R124G;B N169D
B R124G
B S127T;B K156R
B S127T;B P162S
B S127T;B P162S
B S127T
B S127T
B S182N
B T167M
B V149I
B V180A;B L191I
B V180A;B L200M
B V180A
B Y175F
B Y175F
B Y175F
B Y175F
B Y175F
B E99A;B A129T;B I135S
B E99A;B A129T;B Q160L
B E99A;B I128V;B I135S;B D142F;B Q160L;B P214L
B E99A;B I128V;B I135T;B D142F;B N169D
B E99A;B I128V;B I135T;B Q137R;B N169D;B L191I;B H235N
B E99A;B K101N;B I128V;B I135T;B A141T;B D142F;B N169D
B E99A;B M100K;B K156R
B E99D;B I135V;B Y175F
B E99D;B S127T;B N169D
B K86R
B M100K;B K156R
B M100K;B R124G;B L200M
B M100K;B S127T;B N169D;B L191I
B M100K;B S127T;B P162S
B M100K;B S127T
B M100K;B S127T
B M100K;B V180A
B M96L;B I135S;B R216H
B M96L;B I135V;B Y175F
B M96L;B N169D
B M96L;B R124G;B G188D
B M96L;B R124G;B N169D;B R222Q
B M96L;B R124G;B N169D
B M96L;B R124G;B N169D
B M96L;B R124G;B Y175F
B M96L;B R124G
B M96L;B S127T;B V180A;B L200M
B M96L;B S127T
B M96L
B N91S;B I135V;B Y175F
B R88H
B R88S;B I135S
B Y84H;B L200M
B Y84H;B Q160L
B Y84H
B Y84H
B S29F;B S38T;B L74F;B M100K;B S127T
B S32T
B S38T;B I70V
B S38T;B I70V;B E99D;B S127T;B N169D
B S38T;B I75V;B E99A;B I128V;B I135T;B Q137R;B Q160L
B S38T;B I75V;B E99A;B I128V;B I135T;B Y175F
B S38T;B I75V;B E99A;B I111V;B A129T;B I135T
B S38T;B L74F;B A141V;B P162S
B S38T;B L74F;B I135V;B P162S
B S38T;B L74F;B I135V
B S38T;B L74F;B K156R
B S38T;B L74F;B Q160L;B L191I
B S38T;B L74F;B Q160L
B S38T;B L74F;B S127T
B S38T;B L74F;B S127T
B S38T;B L74F;B Y175F
B S38T;B L74F;B Y175F
B S38T;B L74F
B S38T;B L74F
B S38T;B L74F;B E99D;B I125V;B N169D
B S38T;B L74F;B M100K;B A141V;B P162S
B S38T;B L74F;B M100K;B A141V;B P162S
B S38T;B L74F;B M100K;B E115D;B A141V;B P162S
B S38T;B L74F;B M100K;B I135S;B Y175F
B S38T;B L74F;B M100K;B I135V;B Y175F
B S38T;B L74F;B M100K;B K156R
B S38T;B L74F;B M100K;B Q160L;B V180A;B L191I;B L200M
B S38T;B L74F;B M100K;B Q160L
B S38T;B L74F;B M100K;B R124G
B S38T;B L74F;B M100K;B S127T;B I135S;B G179S
B S38T;B L74F;B M100K;B S127T;B L200M
B S38T;B L74F;B M100K;B S127T;B N169D;B L191I;B L200M
B S38T;B L74F;B M100K;B S127T;B N169D;B L191I;B L200M
B S38T;B L74F;B M100K;B S127T;B N169D;B L200M
B S38T;B L74F;B M100K;B S127T;B N169D
B S38T;B L74F;B M100K;B S127T;B N169D
B S38T;B L74F;B M100K;B S127T;B N169D
B S38T;B L74F;B M100K;B S127T;B P162S;B H235N
B S38T;B L74F;B M100K;B S127T;B P162S;B H235N
B S38T;B L74F;B M100K;B S127T;B P162S
B S38T;B L74F;B M100K;B S127T;B P162S
B S38T;B L74F;B M100K;B S127T;B P162S
B S38T;B L74F;B M100K;B S127T;B P162S
B S38T;B L74F;B M100K;B S127T;B Q160L
B S38T;B L74F;B M100K;B S127T;B V180A
B S38T;B L74F;B M100K;B S127T;B V180A
B S38T;B L74F;B M100K;B S127T;B V180A
B S38T;B L74F;B M100K;B S127T;B V180A
B S38T;B L74F;B M100K;B S127T;B V180A
B S38T;B L74F;B M100K;B S127T;B V180A
B S38T;B L74F;B M100K;B S127T;B V180A
B S38T;B L74F;B M100K;B S127T;B V180A
B S38T;B L74F;B M100K;B S127T;B V204M;B H235N
B S38T;B L74F;B M100K;B S127T;B V204M;B H235N
B S38T;B L74F;B M100K;B S127T;B Y175F;B H235N
B S38T;B L74F;B M100K;B S127T;B Y175F
B S38T;B L74F;B M100K;B S127T;B Y175F
B S38T;B L74F;B M100K;B S127T
B S38T;B L74F;B M100K;B S127T
B S38T;B L74F;B M100K;B S127T
B S38T;B L74F;B M100K;B S127T
B S38T;B L74F;B M100K;B S127T
B S38T;B L74F;B M100K;B S127T
B S38T;B L74F;B M100K;B S127T
B S38T;B L74F;B M100K;B S127T
B S38T;B L74F;B M100K
B S38T;B L74F;B M100T;B I125V;B H235N
B S38T;B L74F;B M96L;B R124G;B N169D
B S38T;B L74F;B R88C;B M100K;B S127T;B N169D
B S38T;B M48K;B I135S;B L200M
B S38T;B K156R
B S38T;B Q160L
B S38T;B R124G;B I135V;B Y175F
B S38T;B R124G;B V180A;B H235N
B S38T;B S127T
B S38T;B Y175F
B S38T;B Y175F
B S38T
B S38T
B S38T
B S38T;B E99D;B I125V;B P214S;B H235N
B S38T;B M100K;B K156R
B S38T;B M100K;B S127T
B S38T;B M100K;B S127T
B S38T;B M100K
B S38T;B M100K
B S38T;B M100T;B I125V;B H235N
B S38T;B M96L;B R124G;B I135V;B Y175F;B L200M
B S38T;B M96L;B S127T;B P162S
B S38T;B T66M;B L74F;B M100K;B S127T;B P162S
B S63N
B T66M;B K156R
B V43M
B V43M
